platform,url,platformType,audience,painPointsCovered,distributionValue,valueType,selfPromoAllowed,approach
"NYC.gov (Buildings/DOB, DEP, Finance, HPD, NYPD, Planning, OER)",https://www.nyc.gov/site/buildings/dob/find-building-data.page,gov,"general (owners, investors, attorneys, brokers)",1.1 data fragmentation; 2.3 DEP water/sewer liens; 3.4 deed fraud; 5.6 water rates; 7.3 illegal conversions; 7.7 lead paint; 7.8 C of O; 8.8 NYPD crime; 13.2 (E) designations; 15.3 PLUTO errors,None,not a venue (gov/citation only),No,"Not a venue. These are the authoritative primary sources your tool aggregates. Cite them on your site as the data provenance/data-vintage section (E-E-A-T + AI-citation signal). Use as 'we pull from these 22+ city sources' proof, never for posting."
Scarinci Hollenbeck (law firm insights),https://scarincihollenbeck.com/law-firm-insights/how-to-check-for-open-permits-and-violations-on-a-nyc-property,legal blog,"attorneys, owners, investors",1.1 checking open permits & violations,Medium,backlink/PR outreach,Limited,PR/backlink target. Pitch the editor a 'how an AI tool surfaces open permits/violations in one query' angle or offer to be cited as a tool in their how-to. Position as complement to (not replacement for) legal review.
DOBGuard,https://dobguard.com/resources/dob-now-vs-bis,how-to blog,"owners, investors, expediters",1.1 fragmentation; 1.2 legacy DOB BIS/DOB NOW interfaces,Medium,guest post / backlink,Limited,"Niche DOB-compliance content site, possible partner/cross-link. Offer a guest piece or a 'BIS vs DOB NOW, then one AI query' comparison; pursue contextual backlink from their resources hub."
Hauseit,https://www.hauseit.com/acris-nyc/,how-to blog,"buyers, investors, foreign buyers",1.2 ACRIS; 5.5 mortgage recording tax; 6.5 co-op valuation; 9.2 sublet; 9.4 ROFR; 9.8 deposit risk; 10.7 estate tax; 11.3/11.4 1031/cap gains,High,backlink/PR outreach,Limited,High-traffic NYC buyer SEO site covering many of your exact pain points; prime backlink/PR target. Pitch a data-story or tool mention; their calculator-heavy audience overlaps your buyers. Could explore content partnership.
CRE Daily,https://www.credaily.com/reviews/propertyshark-review/,news,"CRE investors, professionals",1.3 aggregators are costly subscriptions; 5.1 rent-stabilized value collapse,High,backlink/PR outreach / newsletter sponsorship,Limited,"CRE newsletter/news with reviews section. They already review PropertyShark, pitch a review or 'AI-native alternative to subscription aggregators' angle, or sponsor the newsletter. Strong audience-fit backlink + paid placement."
PropertyShark,https://www.propertyshark.com/mason/Subscriptions2/,competitor,"investors, brokers, attorneys",1.3 costly subscription aggregator; 12.6 foreclosure report,None,competitor positioning reference,No,"Direct competitor and positioning reference, not a venue. Use to build a 'NYC Property Intel vs PropertyShark' comparison page (AI-query vs subscription dashboard; due-diligence framing). Mine for feature gaps and pricing contrast."
ViolationWatch NYC,https://violationwatch.nyc/nyc-property-violations-buying/,how-to blog,"investors, owners",2.1 inherited violations/liens; 7.4 open DOB/HPD violations; 8.6 311-to-violation; 15.2 violation lifecycle lag,Medium,backlink / guest post,Limited,"Topically identical niche; either a partner or an adjacent player. Pursue mutual citation/backlink, or guest content on violation-lifecycle lag (ties directly to your honest data-vintage value prop). Watch for competitive overlap."
Home Abstract Corp (title bulletin),https://www.homeabstractcorp.com/bulletin/when-must-ecb-violations-be-cleared-for-nyc-property-sales-title-company-guidelines,legal blog,"attorneys, title professionals, investors",2.1/2.2 ECB violations clearing & ripening to liens,Medium,backlink / partnership outreach,Limited,"Title-company content; ideal complement partner (you flag BEFORE offer, they clear at closing). Pitch a co-branded explainer or earn a citation as a pre-contract screening tool. Respect non-overlap (you are NOT a title search)."
ProTitleUSA (blog + main),https://blog.protitleusa.com/ecb_lien_confusion_explained,legal blog,"title pros, investors, auction buyers",2.2 ECB liens; 2.4 HPD emergency-repair liens; 12.5 surviving senior liens,Medium,backlink / partnership outreach,Limited,National title-search vendor with strong lien content. PR/backlink + potential referral partner (their nationwide title search vs your NYC pre-offer screening). Pitch guest content on lien-ripening detection.
RegWatch NYC,https://regwatch.nyc/guides/how-to-check-property-liens-nyc,how-to blog,"investors, owners",2.3 DEP liens; 2.4 hidden violation costs; 3.1 scattered liens; 3.8 signing-to-closing window,Medium,backlink / guest post,Limited,"Closely adjacent NYC compliance content. Pursue guest post / mutual backlink on lien-checking, especially the signing-to-closing window (your before-offer framing). Possible competitor, vet carefully."
Gartenberg Decker / GDB Law,https://www.gdblaw.com/Protect-Against-Unknown-Real-Estate-Filings-Using-ACRIS,legal blog,"attorneys, investors",3.2 encumbrances not in ACRIS; 14.1 Local Law 18 STR,Medium,backlink/PR outreach,Limited,"Law-firm blog, backlink/PR target. Pitch being cited as a discovery tool that surfaces ACRIS-adjacent risks; offer expert data commentary. Always frame as pre-legal-review, not legal advice."
DeFalco Realty (blog),https://www.defalcorealty.com/blog/how-to-find-liens-on-a-property-staten-island/,how-to blog,"buyers, investors (Staten Island)",3.2 finding liens; 9.5 closing process,Low,backlink (low priority),Limited,Smaller brokerage blog; modest backlink opportunity or borough-specific guest content. Low traffic but topically aligned; pursue a contextual link in their lien guide.
BatchData,https://batchdata.io/blog/foreclosure-lis-pendens,data portal / competitor-adjacent,"investors, wholesalers, data buyers",3.3 lis pendens / foreclosure,Low,competitor positioning reference,No,National property-data vendor (adjacent competitor). Not a posting venue. Use as positioning reference for foreclosure/lis-pendens data; mine their content for keyword angles on NYC-specific foreclosure DD.
NY Attorney General (ag.ny.gov),https://ag.ny.gov/publications/deed-theft,gov,"general, owners",3.4 deed theft/fraud; 4.4 fraudulent deregulation enforcement,None,not a venue (gov/citation only),No,"Authoritative gov source, citation only. Reference in your deed-fraud and rent-deregulation content as the official enforcement backdrop for E-E-A-T and AI citations."
Milton & Coste,https://miltoncoste.com/blog/acris-nyc-property-search-guide,how-to blog / legal,"buyers, investors, attorneys","3.5 undischarged/satisfied mortgages, stale liens",Low,backlink (low priority),Limited,ACRIS how-to content; backlink target for stale-lien/data-correctness angle (ties to your honest data-vintage value prop). Pitch a contextual citation.
Reinvent Albany,https://reinventalbany.org/2023/09/new-data-37-of-manhattan-properties-owned-by-secretive-llc-shell-companies-5x-nys-average/,news / advocacy / data,"general, policy, journalists, investors",3.6 anonymous/layered LLC ownership,Low,citation / data collaboration,No,Policy/transparency org publishing LLC-ownership data. Citation source for your 'see the human behind the LLC' (HPD registration) content. Possibly pitch them as a data collaborator; not an ad venue.
NYC Probate Lawyer,https://nycprobatelawyer.com/dealing-with-real-estate-owned-by-an-estate-in-nyc/,legal blog,"attorneys, heirs, investors",3.7 intestate/probate & UPHPA risk,Low,backlink (low priority),Limited,Niche legal blog; backlink target for probate/estate-purchase DD angle. Pitch a citation as the tool that surfaces ownership/transaction history on estate properties.
THE CITY (thecity.nyc),https://www.thecity.nyc/2024/07/23/heirs-predatory-real-estate-speculators-partition/,news,"general, journalists, policy, investors",3.7 predatory partition; 4.5 warehousing; 5.3 insurance; 7.10 zombie buildings,High,backlink/PR outreach (data-story pitch),No,"Major NYC nonprofit newsroom, top-tier PR/data-story target. Offer reporters a data angle (e.g., 'X% of stabilized buildings show warehousing signals') sourced from your aggregation, earning a high-authority backlink and brand citation. No self-posting."
NYC Rent Guidelines Board,https://rentguidelinesboard.cityofnewyork.us/resources/rent-stabilized-building-lists/,gov,"general, owners, investors",4.1 rent-stabilized building lists,None,not a venue (gov/citation only),No,"Authoritative source for stabilization signals; citation only. Reference as a data input for get_rent_stabilization, paired with the honest caveat that DHCR registry is request-only/non-public."
Skybriz,https://www.skybriz.com/insights/pull-your-rent-history-from-dhcr/,how-to blog,"owners, investors",4.1 pulling DHCR rent history; 6.6 assessment appeal,Low,backlink (low priority),Limited,Niche insights blog; backlink target for rent-history/stabilization content. Strong fit to honestly say 'we flag stabilization signals; here is how to pull the DHCR record we cannot access.'
Belkin Burden Goldman (bbgllp.com),https://bbgllp.com/new/nyc-rent-overcharge-claims-legal-risk/,legal blog,"attorneys, owners, investors",4.2 overcharge liability/treble damages; 11.5 rushed-DD skipped checks,Medium,backlink/PR outreach,Limited,Prominent NYC landlord-tenant firm; high-authority backlink/PR target. Pitch a citation as the screening tool that flags stabilization risk before overcharge exposure. Frame strictly as pre-legal-review.
Adam Leitman Bailey (alblawfirm.com),https://alblawfirm.com/articles/under-regina-just-what-is-fraud/,legal blog,"attorneys, owners, investors",4.2 fraud/overcharge (Regina); 14.5 SRO/Loft Law,Medium,backlink/PR outreach,Limited,High-profile NYC RE firm; authoritative backlink/PR. Offer data commentary or a tool citation in their articles; potential expert co-content on stabilization/SRO risk detection.
Gallet Dreyer & Berkey (glnylaw.com),https://www.glnylaw.com/practice-areas/general-principles-of-landlord-tenant-law/apartments-subject-to-rent-stabilization-because-landlord-receives-j-51-or-421-a-tax-abatement/,legal blog,"attorneys, owners",4.3 J-51/421-a abatement-imposed stabilization,Low,backlink (low priority),Limited,"Law-firm practice page; backlink target for the 'tax abatement silently imposes stabilization' angle, which ties to your tax-info + stabilization signals. Pitch a citation."
Brick Underground,https://www.brickunderground.com/rent/j-51-rent-overcharges,news / how-to blog,"buyers, renters, owners, investors",4.3 J-51 overcharges; 6.4 bidding wars; 7.3 C of O; 9.1 co-op rejection; 14.2 STR banned-building list,High,backlink/PR outreach / sponsored content,Limited,Top NYC consumer real-estate publication; excellent PR/backlink and possible sponsored-content target. Pitch a buyer-focused 'due diligence before you offer' piece or tool mention; their audience is your exact buyer.
Ariel Property Advisors (arielpa.nyc),https://arielpa.nyc/insights/250604-six-years-after-hstpa-new-york-city-owners-face-escalating-costs-falling-values,news / brokerage research,"CRE investors, owners",5.1 rent-stabilized value collapse; 5.8 financing/liquidity pullback,Medium,backlink / broker-network relationship,No,"Investment-sales brokerage research arm; PR/backlink + relationship target. Engage their analysts, offer a data collaboration, or get cited in their insights. Broker network is also a referral channel."
J.P. Morgan (insights),https://www.jpmorgan.com/insights/real-estate/commercial-term-lending/new-york-multifamily-market-outlook,news / institutional research,"institutional investors, lenders",5.2 negative leverage / cap rates vs borrowing costs,None,citation only,No,"Institutional research, not a venue. Cite as authoritative market context in your underwriting/negative-leverage content for E-E-A-T. No realistic backlink path."
Homeownering,https://www.homeownering.com/blog/2026/01/15/owning-a-rent-stabilized-building-in-nyc/,how-to blog,"owners, investors",5.2 owning a rent-stabilized building (negative leverage),Low,backlink (low priority),Limited,Niche ownership blog; backlink target. Pitch a citation on stabilized-building underwriting content; modest traffic.
Crain's New York Business,https://www.crainsnewyork.com/real-estate/soaring-insurance-costs-hit-owners-citys-rent-stabilized-units,news,"CRE pros, owners, investors, journalists",5.3 insurance spikes; 5.9 co-op underlying mortgage refi risk,High,backlink/PR outreach (data-story pitch),No,Authoritative business newsroom; top PR/data-story target. Pitch reporters an exclusive data angle drawn from your aggregated city data; high-authority backlink and credibility. No self-posting.
EisnerAmper,https://www.eisneramper.com/insights/real-estate/nyc-property-tax-assessments-process-appeals-0724/,news / accounting firm insights,"investors, owners, CPAs",5.4 property-tax assessment unpredictability (RPIE),Low,citation only,No,Accounting-firm thought leadership; citation/PR. Reference as authoritative on RPIE/reassessment; limited backlink path. Use to inform your tax-info content.
Tax Shark,https://taxsharkinc.com/what-triggers-a-property-tax-reassessment-in-new-york/,how-to blog,"owners, investors",5.4 what triggers reassessment,Low,backlink (low priority),Limited,"Tax-appeal vendor blog; backlink target and possible cross-referral (they appeal, you flag assessment data pre-offer). Pitch a citation."
Manhattan Miami,https://www.manhattanmiami.com/closing-costs-nyc,how-to blog / brokerage,"buyers, foreign buyers, investors",5.5 transaction-tax stack / closing costs,Low,backlink (low priority),Limited,"Brokerage SEO content with foreign-buyer audience; backlink target, fits your out-of-state/foreign-investor segment. Pitch a citation or contextual link."
Honest Casa,https://honestcasa.com/blog/dscr-lenders-new-york-2026,how-to blog,"investors, DSCR borrowers",5.7 DSCR loan sizing punishes NYC reality,Low,backlink (low priority),Limited,Investor-financing blog; backlink target and audience-fit (DSCR investors need pre-offer DD). Pitch a citation or guest angle on underwriting NYC reality.
First American (blog.firstam.com),https://blog.firstam.com/cre-insights/whats-that-apartment-building-worth-fewer-multifamily-transactions-drive-market-uncertainty,news / title-insurer research,"CRE pros, investors, title pros",6.1 thin comp inventory / valuation uncertainty,Low,citation / partnership exploration,No,Title-insurer research blog; citation/PR. Reference for comp-scarcity context; ties to your search_comps. Limited backlink path; potential partner conversation (title insurance complements DD).
CRE Vertical / StratCRE,https://www.crevertical.com/stratcre/due-diligence-the-questions-that-protect-the-deal,how-to blog,"CRE investors, brokers",6.2 unreliable seller rent rolls/pro formas,Medium,guest post / backlink,Limited,"CRE due-diligence content directly on-message. Pitch a guest article or tool citation in their DD checklists, or a 'verify the rent roll against city data' collaboration. Strong topical fit."
Gadura Real Estate,https://gadurarealestate.com/blog/nyc-421a-j51-tax-abatements.html,how-to blog / brokerage,"buyers, investors",6.3 tax-abatement phase-out / future tax cliff,Low,backlink (low priority),Limited,Brokerage blog; backlink target for the abatement-cliff angle (ties to tax-info). Pitch a citation.
Sardar Restoration,https://sardarrestoration.com/local-law-11-cost,how-to blog / vendor,"owners, boards, investors",7.1 Local Law 11 / FISP facade cost,Low,backlink (low priority),Limited,"Facade-contractor content; backlink target and possible referral relationship (they fix facades, you flag FISP/permit history pre-offer). Pitch a citation."
CondoScoops NYC,https://condoscoopsnyc.org/guides/special-assessments/,how-to blog / community,"condo/co-op buyers, owners",7.1/7.9 special assessments & reserves; 9.3 reserve disclosure; 9.6 hidden building financials,Medium,backlink / partnership outreach,Limited,"Condo/co-op buyer guide site; backlink and possible partner. Pitch a citation as the tool that surfaces building-level risk (permits, violations, liens) before special-assessment surprises. Strong fit on co-op/condo friction theme."
REBNY (rebny.com),https://www.rebny.com/press-release/report-local-law-97-fines/,news / industry association,"brokers, owners, CRE pros",7.2 Local Law 97 carbon fines,Medium,citation / association relationship,No,Major industry association; relationship + PR target. Reference their LL97 research; explore membership/sponsorship and getting your tool in front of REBNY's broker/owner membership. High credibility if endorsed.
City & State NY,https://www.cityandstateny.com/policy/2026/02/residential-buildings-struggle-meet-nycs-decarbonization-goals/411578/,news,"policy, journalists, industry",7.2 LL97 decarbonization compliance,Medium,backlink/PR outreach,No,Policy-focused newsroom; PR/data-story target. Pitch a compliance-readiness data angle from your aggregated data for a backlink and credibility. No self-posting.
FCM Real Estate (fcmre.com),https://www.fcmre.com/the-true-cost-of-deferred-maintenance-in-nyc-buildings/,how-to blog / brokerage,"investors, owners",7.5 deferred-maintenance cascade,Low,backlink (low priority),Limited,Brokerage/management blog; backlink target on deferred-maintenance/condition risk (ties to permits + violations history). Pitch a citation.
Energo,https://energo.com/blog/nyc-local-law-152-gas-piping-inspections-costs-explained/,how-to blog / vendor,"owners, boards, investors",7.6 Local Law 152 gas-piping inspections,Low,backlink (low priority),Limited,"Compliance-vendor blog; backlink + possible referral relationship. Pitch a citation; modest fit (you flag related DOB history, they perform inspections)."
LocalLaw152NYC,https://www.locallaw152nyc.com/gas-service-shut-off,how-to blog / vendor,"owners, investors",7.6 LL152 gas shutoffs,Low,backlink (low priority),Limited,Single-topic compliance vendor; low-priority backlink. Pitch a citation in their resources.
Environmental Education Associates,https://environmentaleducation.com/local-law-31-lead-paint-nyc-2025/,how-to blog / vendor,"owners, managers, investors",7.7 lead paint LL31/LL1,Low,backlink (low priority),Limited,Compliance/training vendor; low-priority backlink and possible referral. Pitch a citation on lead-paint compliance risk.
City Journal,https://www.city-journal.org/article/tenants-landlords-new-york-city-housing-courts,news,"policy, owners, investors, journalists",8.1 non-paying tenants; 8.2 ERAP traps; 8.7 carrying costs while stuck,Medium,backlink/PR outreach,No,"Policy magazine; PR/data-story and citation target for landlord-risk themes (eviction/litigation history ties to get_evictions, HPD litigations). Pitch reporters a data angle. No self-posting."
CBS News New York,https://www.cbsnews.com/newyork/news/brooklyn-landlord-cant-evict-tenant-who-hasnt-paid-rent-in-almost-3-years-emergency-rental-assistance-program/,news,"general, journalists",8.2 eviction/ERAP procedural traps,Low,citation only,No,Mainstream broadcast news; hard backlink path. Use as citation for tenant-risk reality; potential expert-source pitch if you can offer eviction-data trends. Largely a credibility reference.
Tenant-Rights.com,https://tenant-rights.com/new-york/cash-for-keys-move-out-buyouts-in-new-york,legal / how-to blog,"tenants, owners, investors",8.3 cash-for-keys / buyouts,Low,backlink (low priority),Limited,Tenant-focused info site; low-priority backlink. Audience skews tenant; modest fit for investor product. Pitch a citation only if relevant.
FirstService Residential,https://www.fsresidential.com/new-york/news-events/articles-and-news/squatters-rights-in-new-york/,news / property-management,"boards, owners, investors",8.4 squatters / unauthorized occupants,Low,citation / B2B relationship,No,Large management company content; citation/relationship. Limited backlink path; potential B2B relationship (managers as a referral channel). Reference for squatter-risk context.
Avenue Law Firm,https://www.avenuelawfirm.com/the-commercial-real-estate-due-diligence-checklist-for-nyc-buyers/,legal blog,"attorneys, investors, foreign buyers",8.5 assessing tenant quality; 9.3 special assessments; 10.1 FIRPTA; 10.5 legal DD steps,High,backlink/PR outreach / guest content,Limited,"Prolific NYC RE law-firm blog covering many of your exact pain points (DD checklists, FIRPTA, special assessments). Top backlink/PR target: pitch tool citation in their DD checklists and a 'pre-offer screening' co-content piece. Frame as pre-legal-review."
Habitat Magazine,https://www.habitatmag.com/Publication-Content/Co-op-Condo-Buyers/2026/April-2026/co-op-board-buyer-rejection-process,news / community,"co-op/condo board members, owners, buyers",9.1 co-op board rejection process,Medium,backlink/PR outreach / advertising,No,Leading co-op/condo board publication; PR/backlink + possible advertising/sponsorship. Pitch a piece on pre-offer building-financial-health screening; reach board members who influence buyer DD. Explore ad placement.
Yoreevo,https://yoreevo.com/blog/subletting-co-op-nyc,how-to blog / brokerage,"buyers, investors",9.2 co-op subletting restrictions,Low,backlink (low priority),Limited,Brokerage blog; backlink target on sublet/co-op restrictions. Pitch a citation; modest traffic.
Ben James Taylor,https://www.benjamestaylor.com/resources-and-insights/the-timeline-to-close-nyc-condos-vs-co-ops,how-to blog / brokerage,"buyers, investors",9.5 slow closing; 9.6 hidden building financials; 14.3 sublet bans,Low,backlink (low priority),Limited,Agent content site; backlink target on document-driven/closing-timeline angle. Pitch a citation tying DD speed to your one-query value prop.
Aaron & Geoff,https://www.aaronandgeoff.com/decoding-2026-nyc-co-op-board-liquidity-rules-what-buyers-need-to-know/,how-to blog / brokerage,"buyers, investors",9.7 opaque co-op financial gatekeeping,Low,backlink (low priority),Limited,Agent blog; backlink target on co-op liquidity rules. Pitch a citation.
IRS (irs.gov),https://www.irs.gov/individuals/international-taxpayers/firpta-withholding,gov,"general, foreign buyers, CPAs",10.1 FIRPTA withholding; 12.3 IRS lien redemption,None,not a venue (gov/citation only),No,"Authoritative gov source, citation only. Reference in FIRPTA and tax-lien-redemption content for E-E-A-T/AI citations."
NY State Dept. of Taxation (tax.ny.gov),https://www.tax.ny.gov/pdf/current_forms/it/it2663i.pdf,gov,"general, non-resident sellers/buyers, CPAs",10.2 IT-2663 non-resident estimated tax,None,not a venue (gov/citation only),No,"Authoritative gov source, citation only. Reference in out-of-state/foreign-investor content."
Moshes Law,https://mosheslaw.com/how-foreign-buyers-finance-nyc-real-estate/,legal blog,"foreign buyers, attorneys",10.3 foreign-national financing pressure,Low,backlink (low priority),Limited,Law-firm blog; backlink target for foreign-buyer financing/DD angle. Pitch a citation; frame as pre-legal-review.
Sishodia PLLC,https://sishodia.com/step-by-step-guide-for-foreigners-buying-real-estate-in-new-york-city/,legal blog,"foreign buyers, attorneys",10.4 sight-unseen purchase via POA,Medium,backlink/PR outreach,Limited,Foreign-buyer-focused law firm; backlink/PR target and audience-fit (remote buyers most need remote DD). Pitch a tool citation in their foreigner buying guides; strong segment alignment.
Morgan Lewis,https://www.morganlewis.com/pubs/2025/11/new-york-llc-transparency-act-to-take-effect-january-1-2026,legal blog / BigLaw,"attorneys, institutional investors",10.6 LLC Transparency Act / beneficial ownership,Low,citation only,No,BigLaw publication; citation only. Reference as authority on LLC transparency / beneficial ownership (ties to HPD registration surfacing owners behind LLCs). No realistic backlink.
Brevitas,https://brevitas.com/blog/currency-risk-in-international-real-estate-hedging-strategies-for-investors,how-to blog / CRE marketplace,"international investors, CRE pros",10.8 currency/repatriation risk; 10.9 ITIN bottleneck,Low,backlink / channel exploration,Limited,CRE marketplace blog; backlink target and possible distribution channel to international investors. Pitch a citation or explore listing/partnership.
IPX1031,https://www.ipx1031.com/deadlines-and-identification-requirements/,how-to blog / QI vendor,"1031 investors, CPAs, attorneys",11.1 45/180-day clock compresses DD,Medium,backlink / partnership outreach,Limited,"Major qualified-intermediary; backlink + referral-partner target. 1031 investors face forced DD compression, your exact wedge. Pitch a co-content piece 'compress DD safely under the 45-day clock' and a referral relationship."
Above Below 1031,https://www.abovebelow1031.com/post/miss-the-45-day-identification-1031-exchange,how-to blog / QI vendor,1031 investors,11.1 missing 45-day identification,Low,backlink / partnership outreach,Limited,QI blog; backlink/referral target for the 1031 DD-compression angle. Pitch a citation or partnership.
1031 Specialists,https://www.1031specialists.com/blog-posts/1031-exchange-mistakes-to-avoid-lessons-from-failed-exchanges,how-to blog / QI vendor,1031 investors,11.5 rushed timelines cause skipped lien/violation/stabilization checks,Medium,guest post / backlink / partnership,Limited,"QI content that explicitly names skipped lien/violation/stabilization checks, your exact value prop. Pitch a guest post or tool citation: 'do not skip these checks even under the clock.' Strong fit + referral potential."
Deferred.com,https://www.deferred.com/1031-exchange-faqs/how-much-does-a-reverse-1031-exchange-cost,how-to blog / QI vendor,1031 investors,11.6 reverse exchanges relocate pressure,Low,backlink / partnership outreach,Limited,QI FAQ content; backlink/referral target. Pitch a citation on DD under reverse-exchange timelines.
City Limits,https://citylimits.org/nycs-tax-lien-sale-is-back-heres-what-you-need-to-know/,news,"general, journalists, policy, investors",12.1 tax-lien sale closed to ordinary investors,Medium,backlink/PR outreach,No,NYC nonprofit newsroom; PR/data-story target on tax-lien/distressed channels. Pitch a data angle from your liens/ACRIS aggregation for a backlink. No self-posting.
Brownstoner,https://www.brownstoner.com/real-estate-market/brooklyn-homeowners-civil-rights-class-action-suit-third-party-transfer-home-seizures-tax-lien-hpd/,news / community,"Brooklyn buyers, owners, investors",12.2 Third-Party-Transfer foreclosure / equity stripping,Medium,backlink/PR outreach / sponsored content,Limited,Popular Brooklyn RE publication/community; PR/backlink and possible sponsored content. Pitch a distressed-acquisition DD piece or data story; engaged borough investor audience.
The Real Deal,https://therealdeal.com/new-york/2026/03/02/nyc-city-council-aims-to-revive-third-party-transfer/,news,"CRE pros, investors, brokers, journalists",12.2 Third-Party-Transfer revival; 12.4 co-op foreclosure auctions,High,backlink/PR outreach (data-story pitch) / advertising,No,"Premier NYC real-estate trade publication; top PR/data-story target. Pitch reporters an exclusive data angle (e.g., distressed/foreclosure trends from ACRIS+liens) for a high-authority backlink and brand exposure to investors. Explore advertising."
TitlePin,https://www.titlepin.com/blog/irs-tax-lien-redemption-foreclosure,how-to blog / title vendor,"title pros, auction buyers, investors",12.3 redemption-period uncertainty,Low,backlink (low priority),Limited,Title-vendor blog; backlink/partner target on lien-redemption/auction DD. Pitch a citation.
Real Estate Skills,https://www.realestateskills.com/blog/wholesaling-real-estate-legal-new-york,how-to blog / education,"wholesalers, new investors",12.7-12.9 wholesaling legality/assignment/unlicensed-broker risk,Medium,guest post / backlink,Limited,High-traffic investor-education site; backlink target and audience-fit (wholesalers need fast pre-offer DD). Pitch a guest piece or tool citation on verifying deals before assignment.
A&A Legal (aandalegal.com),https://www.aandalegal.com/wholesaling-property-in-new-york/,legal blog,"wholesalers, attorneys, investors",12.7-12.9 wholesaling legal exposure in NY,Low,backlink (low priority),Limited,Law-firm blog; backlink target on wholesaling legality. Pitch a citation; frame as pre-legal-review.
Cuddy & Feder,https://www.cuddyfeder.com/successor-liability-new-york-oil-spill-act/,legal blog,"attorneys, investors, owners",13.1 buried oil tanks / successor liability,Low,backlink (low priority),Limited,Law-firm blog; backlink target on environmental successor-liability. Pitch a citation tying to spill/bulk-storage history checks. Frame as pre-legal-review.
NYS DEC (dec.ny.gov),https://dec.ny.gov/environmental-protection/site-cleanup/database-search,gov / data portal,"general, investors, environmental pros",13.1 oil tanks; 13.7 brownfield/spill/bulk-storage database,None,not a venue (gov/citation only),No,"Authoritative environmental data source, citation only. Reference as a 'free-to-check, rarely-checked' source you point users toward; reinforces honest 'we surface, you verify' framing."
Envirotrac,https://envirotrac.com/navigating-nyc-e-designations-voluntary-cleanup/,how-to blog / environmental vendor,"investors, developers, owners",13.2 (E) designations / restrictive declarations,Low,backlink (low priority),Limited,"Environmental-consulting vendor; backlink + referral relationship (you flag (E) designations, they remediate). Pitch a citation."
NBC News,https://www.nbcnews.com/news/us-news/preliminary-fema-flood-zone-maps-add-35-000-nyc-buildings-to-flood-zones-flna1c8152430,news,"general, journalists",13.3 flood-map expansion,None,citation only,No,National news; citation only. Reference for flood-risk context; no realistic backlink path.
NY Fed Liberty Street Economics / newyorkfed.org,https://libertystreeteconomics.newyorkfed.org/2025/08/flood-risk-and-flood-insurance/,gov / research,"economists, policy, journalists, investors",13.3 flood risk & insurance; 13.5 basement/cellar flood-drowning liability,None,citation only,No,Authoritative research; citation only. Reference for flood/insurance and basement-apartment risk context (E-E-A-T). No backlink path.
Clovered,https://clovered.com/flood-insurance/new-york/,how-to blog / insurance vendor,"owners, investors",13.4 flood-insurance cost under Risk Rating 2.0,Low,backlink (low priority),Limited,Insurance vendor content; backlink + possible referral. Pitch a citation tying flood-zone flagging to insurance-cost planning.
FEMA (fema.gov),https://www.fema.gov/flood-insurance/risk-rating,gov,"general, owners, investors",13.4 Risk Rating 2.0 flood insurance,None,not a venue (gov/citation only),No,"Authoritative gov source, citation only. Reference for flood-insurance content."
NYC Open Data / data.cityofnewyork.us (Socrata),https://data.cityofnewyork.us/Environment/2050s-Sea-Level-Rise-Projections/8n8s-np59,data portal / gov,"general, developers, journalists, investors",13.6 sea-level-rise projections; 15.6 Socrata pipeline staleness,None,not a venue (gov/citation only),No,"Primary data backbone your tool queries, citation only. Reference as your data source and as the basis for honest data-vintage/staleness disclosure (a trust + SEO asset). Not a venue."
NY State Dept. of Health (health.ny.gov),https://www.health.ny.gov/environmental/indoors/vapor_intrusion/,gov,"general, environmental pros",13.8 vapor intrusion (needs Phase II),None,not a venue (gov/citation only),No,"Authoritative gov source, citation only. Reference to honestly state vapor intrusion is invisible to data and needs Phase II, reinforcing 'does not replace inspection.'"
Wikipedia (en.wikipedia.org),https://en.wikipedia.org/wiki/Local_Law_18_of_2022,news / reference,general,14.1 Local Law 18 STR ban,Low,citation only,No,"Reference encyclopedia, citation only (no promotional editing). A well-sourced LL18 article you can cite; if your site becomes an authoritative source it could be referenced, but do not self-add links."
Gothamist,https://gothamist.com/news/is-airbnb-allowed-in-your-building-our-map-shows-which-nyc-addresses-ban-the-rentals,news,"general, NYC residents, journalists",14.2 STR prohibited-buildings list / map,Medium,backlink/PR outreach (data-story pitch),No,"Popular NYC newsroom that builds data maps; PR/data-story target. Pitch a data-driven story (they already do address-level maps), earning a high-authority backlink. No self-posting."
NYC Mayor's Office of Criminal Justice (criminaljustice.cityofnewyork.us),https://criminaljustice.cityofnewyork.us/press-release/ll18-report-sheds-light-on-eliminated-illegal-rentals-in-nyc/,gov,"general, policy",14.4 rent-regulated/NYCHA STR prohibition (LL18 report),None,not a venue (gov/citation only),No,"Gov press release, citation only. Reference for STR-enforcement context."
NYC Zoning Resolution (zoningresolution.planning.nyc.gov),https://zoningresolution.planning.nyc.gov/article-v/chapter-2,gov,"general, developers, attorneys",14.6 ground-floor commercial-use restrictions / C of O mismatch,None,not a venue (gov/citation only),No,"Authoritative zoning source, citation only. Reference for zoning/use-restriction content (ties to lookup_property zoning field)."
ATG (atgf.com),https://www.atgf.com/underwriting/news/gap-dealing-recording-and-indexing-delays,legal / title-insurer research,"title pros, attorneys",15.1 recording-to-indexing gap / closing-window blind spot,Low,citation only,No,"Title-underwriting content; citation only. Reference to support your honest data-vintage disclosure on indexing lag; reinforces 'we surface, your title company confirms.' Limited backlink."
NYS Homes & Community Renewal (hcr.ny.gov),https://hcr.ny.gov/records-access,gov,"general, owners, investors",15.4 DHCR rent-registration gaps / non-public request-only registry,None,not a venue (gov/citation only),No,"Authoritative gov source, citation only. Reference as the registry you cannot access, the core of your honest limit ('we flag signals; request the DHCR record here'). Trust/SEO asset."
Real Title Services,https://realtitleservices.com/common-title-search-errors-and-how-to-avoid-them-essential-solutions-for-real-estate-professionals,how-to blog / title vendor,"title pros, attorneys, investors",15.5 ACRIS indexing errors / mis-keyed BBLs,Low,backlink (low priority),Limited,Title-services blog; backlink target on data-correctness/mis-indexed-BBL angle (matches your honest-limits content). Pitch a citation; potential complement partner.
NYC Open Data Help/FAQ (opendata.cityofnewyork.us),https://opendata.cityofnewyork.us/faq/,data portal / gov,"general, developers, journalists",15.6 Open Data / Socrata pipeline staleness,None,not a venue (gov/citation only),No,"Gov data-portal info, citation only. Reference for transparency about pipeline staleness; underpins your data-vintage disclosure."
